"type","name_en","name_th","effect_th","code"
"action","Wrong House","ผิดบ้านแล้ว!","ผู้เล่นทุกคนที่ไม่ได้อาศัยอยู่ที่นี่ จั่วไพ่คนละ 2 ใบ","A001"
"action","Oh No! Babies!","โอ้ไม่นะ! เด็กใหม่!","ผู้เล่นทุกคนที่ไม่เคยเล่นเกมนี้มาก่อน จั่วไพ่คนละ 3 ใบ","A002"
"action","Shoot Your Problems","ยิงปัญหาทิ้งซะ","ทิ้ง Trap ที่วางไว้ใบใดก็ได้รวม 3 ใบ","A003"
"action","Parallel Universe","จักรวาลคู่ขนาน","จั่วไพ่เพิ่มเท่ากับจำนวนไพ่ที่คุณมีอยู่ในมือตอนนี้","A004"
"action","Rejects","พวกถูกทิ้ง","ขโมยไพ่ 1 ใบจากผู้เล่นคนอื่นทุกคน จากนั้นเก็บไว้ 1 ใบ และทิ้งไพ่ที่เหลือ","A005"
"action","Showdown","ดวลสายตา","Mini-Game: แข่งจ้องตากับผู้เล่นอีก 1 คน ผู้ชนะจั่วไพ่ 3 ใบ","A006"
"action","Mystery Button","ปุ่มปริศนา","Mini-Game: โยนเหรียญ ถ้าออกหัว จั่ว 3 ใบ ถ้าออกก้อย ทิ้ง 3 ใบ","A007"
"action","Throw The Cheese","ปาชีส!","ผู้เล่นคนอื่นทั้งหมดทิ้งไพ่คนละ 1 ใบ","A008"
"action","Quickfire","ยิงรัว!","ผู้เล่นคนอื่นทั้งหมดต้องนำ Trap ทุกใบที่อยู่ในมือออกมาวางเป็น Trap","A009"
"action","You're A Chair","นายคือเก้าอี้","ผู้เล่นทุกคนย้ายที่นั่งไปทางขวา โดยทิ้ง Trap ที่วางไว้ให้อยู่ที่เดิม","A010"
"action","I Am Lonely","ฉันเหงา","ผู้เล่นทุกคนที่ไม่ได้อยู่ในความสัมพันธ์ จั่วไพ่คนละ 2 ใบ","A011"
"action","Nice Hat","หมวกสวยนะ","ผู้เล่นทุกคนที่สวมหมวก ทิ้งไพ่คนละ 3 ใบ","A012"
"action","Parked Car","รถจอดอยู่","ผู้เล่นทุกคนที่ขับรถเป็น ทิ้งไพ่คนละ 1 ใบ","A013"
"action","Pull My Finger","ดึงนิ้วฉันสิ","เลือกผู้เล่น 1 คนให้ขโมยไพ่จากมือคุณ 1 ใบ","A014"
"action","Punch 'Em","ต่อยเลย!","เลือกผู้เล่นอีก 1 คนให้ทิ้ง Trap ที่วางไว้ทั้งหมด","A015"
"action","Take 'Em Out","จัดการมัน!","เลือกผู้เล่นอีก 1 คนให้ทิ้งไพ่ทั้งหมดในมือ","A016"
"action","You're Blind","นายตาบอด","เลือกผู้เล่นอีก 1 คนให้จั่วไพ่ใบบนสุดของกองและเล่นใบนั้น หากเป็น Trap หรือ Counter ให้ทิ้งไปจนกว่าจะได้ Action","A017"
"action","You Can Wait","รอไปก่อนนะ","เลือกผู้เล่นอีก 1 คนให้ข้ามเทิร์น","A018"
"action","We're All Gonna Die","เราจะตายกันหมด!","ไพ่ Counter ไม่สามารถใช้งานได้จนถึงเทิร์นถัดไปของคุณ","A019"
"action","New You","ตัวตนใหม่","ทิ้งไพ่ทั้งหมดในมือ แล้วจั่วไพ่ใหม่ในจำนวนเท่ากัน","A020"
"action","Seen My Pony?","เห็นโพนี่ของฉันไหม?","หาก “Magical Pony” อยู่ในกองทิ้ง ให้นำไพ่ใบนั้นมาใส่ในมือคุณ","A021"
"action","Single","ตัวคนเดียว","หากไพ่ใบนี้เป็นไพ่เพียงใบเดียวในมือคุณ ให้จั่วไพ่ 10 ใบ","A022"
"action","Shoot Me","ยิงฉันสิ","หากถึงเทิร์นถัดไปของคุณแล้วยังมีไพ่เหลืออยู่ในมือ คุณชนะเกม","A023"
"action","The End","จุดจบ","เมื่อถึงเทิร์นถัดไปของคุณ ผู้เล่นที่มีไพ่ในมือน้อยที่สุดชนะ หากเสมอกัน ให้ลองใหม่","A024"
"action","Who's There?","ใครอยู่นั่น?","พลิก Trap ที่วางไว้ของผู้เล่นคนอื่นทุกคน คนละ 1 ใบ โดยไม่ทำให้ Trap ทำงาน","A025"
"action","Magic Trick","มายากล","คุณมีเวลา 10 วินาทีในการเลือกไพ่ 1 ใบจากกองมาเก็บไว้","A026"
"action","1 Year to Live","เหลือเวลาอีก 1 ปี","เมื่อถึงเทิร์นถัดไปของคุณ ผู้เล่นที่มีไพ่ในมือมากที่สุดชนะ หากเสมอกัน ให้ลองใหม่","A027"
"action","Bad Spread","ทาเยอะไปหน่อย","เล่นไพ่ใบนี้พร้อมกับ Action อีก 1 ใบ เพื่อเพิ่ม Effect ของ Action ใบนั้นเป็น 2 เท่า","A028"
"action","Barbershop Quartet","วงประสานเสียงสี่คน","เลือกขโมยไพ่ 4 ใบจากผู้เล่นอีก 1 คน หรือจั่วไพ่ 4 ใบ","A029"
"action","Be Careful","ระวังหน่อย","แอบดู Trap ที่วางไว้ของผู้เล่นคนอื่นทุกคน คนละ 1 ใบ","A030"
"action","Big Baby","เด็กยักษ์","ผู้เล่นที่อายุมากที่สุดต้องทิ้งไพ่ 3 ใบ","A031"
"action","Bound Together","ผูกติดกัน","ขโมยไพ่ทั้งหมดในมือของผู้เล่นอีก 1 คน นำมาสับรวมกับไพ่ในมือคุณ แล้วแจกกลับให้คุณทั้งสองคนเท่า ๆ กัน","A032"
"action","Can You Do This?","ทำแบบนี้ได้ไหม?","Mini-Game: ทำท่าทางอย่างหนึ่ง แล้วเลือกผู้เล่นอีก 1 คนให้ทำตาม หากทำไม่ได้ ขโมยไพ่จากเขา 3 ใบ","A033"
"action","Cannonball","ลูกปืนใหญ่!","ผู้เล่นทุกคนทิ้ง Trap ที่วางไว้คนละ 1 ใบ","A034"
"action","Come Out to Play","ออกมาเล่นกันเถอะ","ในเทิร์นถัดไป ผู้เล่นทุกคนที่มี Action อยู่ในมือต้องเล่น Action","A035"
"action","Confession","คำสารภาพ","จั่วไพ่ 3 ใบ แต่ต้องเปิดให้ผู้เล่นคนอื่นทุกคนเห็น","A036"
"action","Day of Birth","วันเกิด","หากวันนี้เป็นวันเกิดของคุณ คุณชนะเกมทันที!","A037"
"action","Die Potato","ตายซะ มันฝรั่ง!","เลือกผู้เล่นอีก 1 คนให้ทิ้งไพ่ 3 ใบ","A038"
"action","Don't Want to Be Fat","ไม่อยากอ้วน","เลือกผู้เล่นอีก 1 คนหรือเลือกตัวเอง ให้ทิ้งไพ่ 5 ใบ","A039"
"action","I Love It!","ฉันชอบมัน!","Action 3 ใบถัดไปที่ถูกเล่น เมื่อใช้เสร็จแล้วจะเข้ามาอยู่ในมือคุณแทนที่จะลงกองทิ้ง","A040"
"action","Feed Me Paper","เอากระดาษมาให้ฉันกิน","คุณและผู้เล่นอีก 1 คนที่คุณเลือก ทิ้งไพ่คนละ 3 ใบ","A041"
"action","Get Off My Property","ออกไปจากบ้านฉัน!","ผู้เล่นทุกคนที่ไม่ได้อาศัยอยู่ที่นี่ ทิ้งไพ่คนละ 2 ใบ","A042"
"action","Got It Back In","เอากลับเข้าไปแล้ว","ขโมยไพ่ทั้งหมดในมือของผู้เล่นอีก 1 คน แล้วนำไพ่เหล่านั้นไปใส่ไว้ตรงไหนก็ได้ในกองจั่ว","A043"
"action","Grow Up Fast","โตไว ๆ","ผู้เล่นทุกคนปรับจำนวนไพ่ในมือให้เหลือ 7 ใบ โดยถ้ามีน้อยกว่าให้จั่วเพิ่ม และถ้ามากกว่าให้ทิ้ง","A044"
"action","Hit By A Card","โดนไพ่ฟาด","บังคับผู้เล่นอีก 1 คนให้ทิ้งไพ่ทั้งหมดในมือ แล้วจั่วไพ่ใหม่ 3 ใบ","A045"
"action","Homework","การบ้าน","ดูไพ่ 5 ใบถัดไปจากกอง เลือกเก็บไว้ 1 ใบ","A046"
"action","I Sentence You","ฉันขอตัดสินโทษนาย","ให้ผู้เล่นอีก 1 คนเลือกระหว่างข้าม 1 เทิร์น หรือทิ้งไพ่ 3 ใบ","A047"
"action","I Want My Lemons","เอามะนาวฉันคืนมา!","ถามว่า “Do you have my lemons?” หากผู้เล่นคนอื่นมีไพ่ “My Lemons” ให้ขโมยไพ่ทั้งหมดในมือของผู้เล่นคนนั้น","A048"
"action","I'm On My Way","กำลังไปแล้ว!","มอบไพ่ใบนี้ให้ผู้เล่นที่เล่นต่อจากคุณ","A049"
"action","Intervention","ต้องคุยกันหน่อยแล้ว","ผู้เล่นที่มีไพ่ในมือมากที่สุดต้องข้ามเทิร์นถัดไป หากเสมอกัน ผู้เล่นที่เสมอกันทั้งหมดข้ามเทิร์น","A050"
"action","Invisible Billy","บิลลี่ล่องหน","เลือกผู้เล่นอีก 1 คนให้เปิดไพ่ในมือให้คุณดู แล้วเลือกขโมยมา 1 ใบ","A051"
"action","Is This You?","นี่นายเหรอ?","จั่วไพ่ 3 ใบ แล้วเลือกผู้เล่นอีก 1 คนให้จั่ว 3 ใบเช่นกัน","A052"
"action","Is This Yours?","นี่ของนายเหรอ?","เลือกผู้เล่นอีก 1 คนให้นำ Trap ที่วางไว้ทั้งหมดกลับเข้ามือ","A053"
"action","Jewellery","เครื่องประดับ","ผู้เล่นที่สวมเครื่องประดับมากที่สุดทิ้งไพ่ 2 ใบ หากเสมอกันให้ผู้เล่นที่เสมอกันทั้งหมดทิ้ง","A054"
"action","Killed Us All","ฆ่าพวกเราหมดเลย","คุณทิ้งไพ่ 2 ใบ ผู้เล่นคนอื่นทั้งหมดทิ้งคนละ 1 ใบ","A055"
"action","Let You Go","ปล่อยนายไป","ทิ้งไพ่ใบใดก็ได้ที่คุณไม่ต้องการ","A056"
"action","Lie to Me","โกหกฉันสิ","Mini-Game: บอกผู้เล่นอีก 1 คนด้วยเรื่องจริง 1 เรื่องและเรื่องโกหก 1 เรื่อง หากเขาแยกไม่ได้ว่าเรื่องไหนจริงหรือโกหก เขาต้องทิ้งไพ่ 3 ใบ","A057"
"action","Little Baby","เด็กน้อย","ผู้เล่นที่อายุน้อยที่สุดต้องทิ้งไพ่ 3 ใบ","A058"
"action","Mine Now","ของฉันแล้ว","ขโมย Trap ที่วางไว้ของผู้เล่นอีก 1 คน แล้วนำกลับเข้ามือคุณ","A059"
"action","Alien Invasion","เอเลี่ยนบุก!","มอบไพ่ทั้งหมดในมือของคุณให้ผู้เล่นอีก 1 คน","A060"
"action","Alphabet","ท่องตัวอักษร","Mini-Game: เลือกผู้เล่นอีก 1 คนให้ท่องตัวอักษรภาษาอังกฤษจาก Z → A หากพูดผิด ให้ทิ้งไพ่ 3 ใบ","A061"
"action","Baby Voice","เสียงเด็กน้อย","Mini-Game: เลือกผู้เล่นอีก 1 คนให้พูดด้วยเสียงเด็กจนถึงเทิร์นถัดไปของคุณ หากทำไม่ได้ ขโมยไพ่จากเขา 3 ใบ","A062"
"action","Baby With A Gun","เด็กถือปืน","ขโมยไพ่กี่ใบก็ได้จากผู้เล่นคนอื่นกี่คนก็ได้","A063"
"action","Banana Peel","เปลือกกล้วย","ใส่ไพ่ใบนี้กลับเข้าไปในกองจั่วโดยหงายหน้า ผู้เล่นที่จั่วเจอจะเก็บไพ่ใบนี้ไว้และต้องทิ้งไพ่อื่น 3 ใบ","A064"
"action","Big Bee","ผึ้งยักษ์","ผู้เล่นทุกคนที่มีตัวอักษร “b” อยู่ในชื่อเต็ม จั่วไพ่คนละ 2 ใบ","A065"
"action","Cake Day","วันเค้ก","ผู้เล่นทุกคนมอบไพ่คนละ 1 ใบให้ผู้เล่นที่มีวันเกิดใกล้จะถึงที่สุด","A066"
"action","Can't Breathe","หายใจไม่ออก","Mini-Game: แข่งกลั้นหายใจ ผู้เล่นที่กลั้นได้นานที่สุดจั่วไพ่ 3 ใบ","A067"
"action","Cat Allergy","แพ้แมว","ผู้เล่นทุกคนที่เลี้ยงแมว ทิ้งไพ่คนละ 2 ใบ","A068"
"action","Cool Hat","หมวกเท่จัง","ผู้เล่นทุกคนที่สวมหมวก จั่วไพ่คนละ 3 ใบ","A069"
"action","Desmond The Moon Bear","เดสมอนด์ หมีแห่งดวงจันทร์","ผู้เล่นที่อยู่ไกลจากบ้านของตัวเองมากที่สุด จั่วไพ่ 3 ใบ","A070"
"action","Do The Flop","ล้มตัวลง!","ผู้เล่นทุกคนวางไพ่ในมือหงายหน้าไว้จนถึงเทิร์นถัดไปของคุณ","A071"
"action","Don't Even","อย่าแม้แต่จะคิด","ไม่มีผู้เล่นคนใดสามารถเล่น Action ได้จนถึงเทิร์นถัดไปของคุณ","A072"
"action","Draw A Bear","จั่วหมี","จั่วไพ่ 3 ใบ หากหนึ่งในนั้นคือ “Desmond The Moon Bear” ให้จั่วเพิ่มอีก 3 ใบ","A073"
"action","Drunk Science","วิทยาศาสตร์เมา ๆ","นำไพ่ในมือของผู้เล่นทุกคนมารวมกัน สับ แล้วแจกกลับให้ทุกคนเท่า ๆ กัน","A074"
"action","Evil Tie","เนกไทปีศาจ","ขโมยไพ่ 1 ใบจากผู้เล่นทุกคนที่มีจำนวนไพ่ในมือเท่ากับคุณ","A075"
"action","Falling Up","ตกขึ้นข้างบน","กลับทิศทางการเล่น","A076"
"action","Got Your Nose","ขโมยจมูกแล้ว!","ขโมยไพ่ 1 ใบจากผู้เล่นอีก 1 คน","A077"
"action","Here Comes The Aeroplane","เครื่องบินมาแล้ว!","มอบไพ่ใบนี้ให้ผู้เล่นอีก 1 คน จากนี้ไพ่ใบนี้เป็นของผู้เล่นคนนั้น","A078"
"action","Here! Have It!","เอ้า! เอาไป!","มอบไพ่ใบใดก็ได้ที่คุณไม่ต้องการให้ผู้เล่นอีก 1 คน","A079"
"action","Here It Comes!","มาแล้ว!","ผู้เล่นทุกคนขโมยไพ่ 1 ใบจากผู้เล่นที่นั่งทางขวาของตัวเอง","A080"
"action","Hey, Are You An Angel?","เฮ้ เธอเป็นนางฟ้าเหรอ?","ขโมยไพ่ 1 ใบจากผู้เล่นผู้หญิงทุกคน","A081"
"action","Hey, You Two Should Kiss!","เฮ้ พวกเธอสองคนจูบกันสิ!","จั่วไพ่ 2 ใบ แต่ต้องมอบ 1 ใบให้ผู้เล่นอีกคน","A082"
"action","Hit The Apple","ตีแอปเปิล!","Mini-Game: ผู้เล่นทุกคนรวมถึงคุณต้องแตะไพ่ใบนี้ คนสุดท้ายที่แตะต้องทิ้งไพ่ 3 ใบ","A083"
"action","Hold This!","ถือไว้นะ!","สลับไพ่ทั้งหมดในมือกับผู้เล่นอีก 1 คนที่คุณเลือก","A084"
"action","Hold Your Horses","ใจเย็นก่อน!","ไม่มีผู้เล่นคนใดสามารถชนะเกมได้จนถึงเทิร์นถัดไปของคุณ","A085"
"action","I Can Explain","ฉันอธิบายได้นะ","เลือกผู้เล่นอีก 1 คนให้หงาย Trap ที่วางไว้ทั้งหมด โดยไม่ทำให้ Trap ทำงาน","A086"
"action","I Like Trains","ฉันชอบรถไฟ","ผู้เล่นทุกคนส่งไพ่ทั้งหมดในมือให้ผู้เล่นทางซ้าย","A087"
"action","I Suck At This Game","ฉันห่วยเกมนี้","ผู้เล่นที่มีไพ่ในมือน้อยที่สุดจั่วไพ่ 3 ใบ หากเสมอกันให้ผู้เล่นที่เสมอกันทั้งหมดจั่ว","A088"
"action","I Used To Be A Cow","ฉันเคยเป็นวัว","ผู้เล่นทุกคนที่กินเนื้อสัตว์ ข้ามเทิร์นถัดไป","A089"
"action","I Wanna Die","ฉันอยากตาย","ทิ้งไพ่ทั้งหมดในมือ (จะหยุดเล่นด้วยก็ได้)","A090"
"action","I'm A Doctor","ฉันเป็นหมอ","จั่วไพ่เท่ากับจำนวนไพ่ที่ถูกขโมยหรือถูกบังคับให้ทิ้งจากคุณ นับตั้งแต่เทิร์นก่อนหน้าของคุณ","A091"
"action","I'm Crazy","ฉันบ้าไปแล้ว!","นำไพ่ทั้งหมดกลับเข้ากอง สับไพ่ แล้วเริ่มเกมใหม่ทั้งหมด","A092"
"action","Imma Getcha!","จับได้แน่!","เลือกผู้เล่นอีก 1 คนให้ทิ้ง Action ทั้งหมดที่อยู่ในมือ","A093"
"action","In Sync","พร้อมเพรียง","ใช้ Effect ของ Action ใบล่าสุดที่ถูกเล่นซ้ำอีกครั้ง","A094"
"action","Johnny Big Feet","จอห์นนี่เท้าใหญ่","ผู้เล่นที่มีเท้าใหญ่ที่สุดจั่วไพ่ 3 ใบ หากเสมอกันให้ผู้เล่นที่เสมอกันทั้งหมดจั่ว","A095"
"action","Joust Time","ถึงเวลาดวล!","Mini-Game: เป่ายิ้งฉุบกับผู้เล่นอีก 1 คน ผู้ชนะจั่วไพ่ 3 ใบ","A096"
"action","Magical Pony","โพนี่วิเศษ","จั่วไพ่ 4 ใบ","A097"
"action","Medication","ยา","ผู้เล่นทุกคนที่กินยาภายใน 24 ชั่วโมงที่ผ่านมา จั่วไพ่คนละ 2 ใบ","A098"
"action","Mine Turtle","เต่าระเบิด","ผู้เล่นทุกคนทิ้งไพ่คนละ 3 ใบ","A099"
"action","Muffin Factory","โรงงานมัฟฟิน","คุณสามารถเล่น Action เพิ่มอีก 2 ใบในเทิร์นนี้","A100"
"action","Muffin Time","ถึงเวลามัฟฟิน!","จั่วไพ่ 5 ใบ","A101"
"action","No Dog?!","ไม่มีหมาเหรอ?!","ผู้เล่นทุกคนที่ไม่ได้เลี้ยงสุนัข ทิ้งไพ่คนละ 2 ใบ","A102"
"action","No Llama No!","ไม่นะ ลามะ ไม่!","ขโมยไพ่ 1 ใบจากผู้เล่นทุกคนที่ขับรถไม่เป็น","A103"
"action","Okay, Draw!","โอเค ชักปืน!","Mini-Game: ผู้เล่นทุกคนทำมือเป็นปืนแล้วเล็งใส่กัน ผู้เล่นที่ถูกเล็งมากที่สุดทิ้งไพ่ 3 ใบ หากเสมอกันให้ผู้เล่นที่เสมอกันทั้งหมดทิ้ง","A104"
"action","Oh No!","โอ้ไม่นะ!","Mini-Game: ทายจำนวน Action ที่อยู่ในมือของผู้เล่นอีก 1 คน หากทายจำนวนได้ถูกต้องพอดี ขโมย Action ทั้งหมดของผู้เล่นคนนั้น","A105"
"action","Pie Flavor","พายรสอะไร?","เลือกไพ่ 1 ใบจากไพ่ 10 ใบล่าสุดในกองทิ้งมาเก็บไว้","A106"
"action","Piece of Me","ส่วนหนึ่งของฉัน","มอบไพ่ 2 ใบให้ผู้เล่นอีก 1 คน","A107"
"action","Play That One","เล่นใบนั้นสิ","เลือก Action 1 ใบจากมือของผู้เล่นอีก 1 คน แล้วบังคับให้ผู้เล่นคนนั้นเล่นไพ่ใบนั้น","A108"
"action","Pointless","ไม่มีประโยชน์","ไม่มีอะไรเกิดขึ้น","A109"
"action","Skateboards","สเกตบอร์ด","ผู้เล่นทุกคนส่งไพ่ทั้งหมดในมือให้ผู้เล่นทางขวา","A110"
"action","Snake Arms","แขนงู","ขโมยไพ่ 1 ใบจากผู้เล่นผู้ชายทุกคน","A111"
"action","Stolen Face","ขโมยหน้า","ขโมยไพ่ 2 ใบจากผู้เล่นอีก 1 คน","A112"
"action","Suddenly Pineapples","จู่ ๆ ก็สับปะรด","ทิ้ง Trap ที่วางอยู่ทั้งหมด","A113"
"action","Take It Outside","ไปเคลียร์กันข้างนอก!","Mini-Game: ท้าอีก 1 คนงัดข้อหรือเล่นสงครามนิ้วโป้ง ผู้ชนะจั่วไพ่ 3 ใบ","A114"
"action","Tall Midget","คนแคระตัวสูง","ผู้เล่นที่สูงที่สุดต้องมอบไพ่ 3 ใบให้ผู้เล่นที่เตี้ยที่สุด","A115"
"action","Time Machine","ไทม์แมชชีน","นำไพ่ของคุณ 1 ใบจากกองทิ้งกลับมา","A116"
"action","What Are You Doing?!","นายทำอะไรเนี่ย?!","นำกองทิ้งทั้งหมดโดยไม่สับ ไปวางไว้ด้านบนของกองจั่ว","A117"
"action","Whose Idea?","ไอเดียใครเนี่ย?","ขโมยไพ่ 3 ใบจากผู้เล่นที่เป็นคนเสนอให้เล่นเกมนี้","A118"
"action","Why Wait?","จะรอทำไม?","เลือกผู้เล่นอีก 1 คน แล้วข้ามการเล่นไปยังเทิร์นถัดไปของผู้เล่นคนนั้น","A119"
"action","Wish Granted","คำขอเป็นจริง","เลือกประเภทไพ่ Action, Trap หรือ Counter อย่างใดอย่างหนึ่ง แล้วขโมยไพ่ประเภทนั้น 1 ใบจากผู้เล่นอีก 1 คน","A120"
"action","Yay! Cookies!","เย้! คุกกี้!","ขโมยไพ่ 1 ใบจากผู้เล่นคนอื่นทุกคน","A121"
"action","You're Adopted","นายถูกรับเลี้ยงแล้ว","นำไพ่ 3 ใบล่าสุดจากกองทิ้งมาเป็นของคุณ","A122"
"action","You're Dead!","นายตายแล้ว!","เลือกผู้เล่นอีก 1 คนให้ทิ้ง Counter ทั้งหมดในมือ ไพ่ใบนี้ไม่สามารถถูก Counter ได้","A123"
"action","You're Fat","นายอ้วน","เลือกผู้เล่นอีก 1 คนให้จั่วไพ่ 5 ใบ","A124"
"action","Do Not Want","ไม่เอา!","มอบไพ่ใบนี้ให้ผู้เล่นอีก 1 คน แล้วขโมยไพ่จากผู้เล่นคนนั้น 1 ใบ","A125"
"action","Gunman","มือปืน","เลือกผู้เล่นอีก 1 คนให้เป็นมือปืน จากนั้นผู้เล่นคนนั้นต้องเลือกผู้เล่นคนใดก็ได้ 1 คนให้ทิ้งไพ่ทั้งหมดในมือ","A126"
"action","My Lemons","มะนาวของฉัน","ทิ้งไพ่ 4 ใบ","A127"
"action","New Camera","กล้องใหม่","Mini-Game: ถ่ายรูปร่วมกับผู้เล่นทุกคน (ความทรงจำเหล่านี้มีค่านะ)","A128"
"action","Only One","เหลือแค่หนึ่ง","ผู้เล่นทุกคนทิ้งไพ่จนเหลือไพ่ในมือเพียงคนละ 1 ใบ","A129"
"action","Promotion","เลื่อนตำแหน่ง","เลือกผู้เล่น 1 คน ให้ผู้เล่นคนนั้นเลือกไพ่ของตัวเอง 1 ใบแล้วมอบให้ผู้เล่นอีก 1 คน","A130"
"action","Rainbows","สายรุ้ง","เลือกสีของสายรุ้ง 1 สี ผู้เล่นทุกคนที่สวมใส่สีนั้นทิ้งไพ่คนละ 1 ใบ","A131"
"action","Level Up","เลเวลอัป!","คุณจั่วไพ่ 2 ใบ ผู้เล่นคนอื่นทั้งหมดจั่วคนละ 1 ใบ","A132"
"action","Screw Gravity","ช่างหัวแรงโน้มถ่วง!","จั่วไพ่ 3 ใบจากด้านล่างของกองจั่ว","A133"
"action","Standing Up School","โรงเรียนยืนขึ้น","Mini-Game: ผู้เล่นทุกคนรวมถึงคุณต้องยืนขึ้น คนสุดท้ายที่ยืนต้องทิ้งไพ่ 3 ใบ","A134"
"action","Time of Death","เวลาแห่งความตาย","เปลี่ยนเงื่อนไขชนะของ Muffin Time จาก 10 ใบ เป็นจำนวนไพ่ที่คุณเลือก และใช้จำนวนใหม่นี้ไปจนจบเกม","A135"
"action","What's Their Name?","เขาชื่ออะไรนะ?","เลือกผู้เล่นอีก 1 คน หากผู้เล่นคนนั้นไม่รู้ชื่อเต็มของคุณ ขโมยไพ่จากเขา 3 ใบ","A136"
"action","Watcha Get?","ได้อะไรมา?","ผู้เล่นทุกคนขโมยไพ่ 1 ใบจากผู้เล่นที่มีวันเกิดครั้งถัดไปใกล้ที่สุด","A137"
"action","You're A Nerd","นายมันเด็กเนิร์ด","ผู้เล่นทุกคนที่สวมแว่น จั่วไพ่คนละ 2 ใบ","A138"
"counter","Baby with Two Guns","เด็กกับปืนสองกระบอก","หยุดไพ่ “Baby With a Gun” และขโมยไพ่จากผู้เล่นที่ใช้ไพ่ใบนั้นกี่ใบก็ได้ตามที่คุณต้องการ","C01"
"counter","Don't Jump!","อย่ากระโดด!","หยุดไม่ให้ผู้เล่นคนอื่นทิ้งไพ่ของตัวเอง.","C02"
"counter","Here They Are","อยู่นี่ไง","หากคุณกำลังถูกบังคับให้ทิ้งไพ่ ให้เก็บไพ่ไว้ได้ 2 ใบ","C03"
"counter","Not My Hand!","อย่าเอาไพ่ฉัน!","หยุดไม่ให้ไพ่ของคุณถูกขโมย แล้วเลือกผู้เล่นคนอื่นให้ถูกขโมยไพ่แทน","C04"
"counter","Put It Back","เอาคืนไป","นำไพ่ Action, Counter หรือ Trap ที่กำลังถูกใช้ กลับคืนสู่มือของผู้เล่นที่ใช้ไพ่ใบนั้น","C05"
"counter","Stop It!","หยุดนะ!","หยุดการถูกบังคับให้จั่วหรือขโมยไพ่","C06"
"counter","Wannabe","เอาด้วยคน","เลือกให้ตัวคุณได้รับผลจากไพ่ Action หรือ Trap ที่กำลังทำงานอยู่ด้วย","C07"
"counter","Can't Fire Me","ไล่ฉันออกไม่ได้หรอก","หากผู้เล่นคนอื่นพยายามขโมยไพ่ของคุณ ให้คุณทิ้งไพ่ในจำนวนเท่ากันแทน","C08"
"counter","Dog With A Knife","หมาถือมีด","หยุดไพ่ Trap ที่กำลังทำงานอยู่","C09"
"counter","I'm A Ghost","ฉันเป็นผี","หยุดไพ่ Action ที่กำลังทำงานอยู่ แต่คุณต้องทิ้งไพ่ Trap ที่วางไว้ทั้งหมดของคุณ","C10"
"counter","I Can't Read","ฉันอ่านไม่ออก","คุณไม่ได้รับผลจากไพ่ Trap ที่กำลังทำงานอยู่","C11"
"counter","Look Out","ระวัง!","หยุดผู้เล่นคนอื่นไม่ให้ขโมยไพ่ของคุณหรือของผู้เล่นคนอื่น","C12"
"counter","Me! Me! Me!","ฉัน! ฉัน! ฉัน!","หยุดไพ่ Action ที่กำลังทำงานอยู่ และเลื่อนเทิร์นไปเป็นเทิร์นของคุณ","C13"
"counter","Aw, Come On!","โธ่ เอาน่า!","หยุดไพ่ Action ที่ผู้เล่นคนอื่นกำลังใช้ และบังคับให้ผู้เล่นคนนั้นทิ้งไพ่ 3 ใบ","C14"
"counter","Beep Beep I'm a Sheep","บี๊บ บี๊บ ฉันเป็นแกะ","ไพ่ Action ที่ถูกใช้เจาะจงใส่คุณ จะเปลี่ยนเป็นมีผลกับผู้เล่นทุกคน","C15"
"counter","Bomb Squad","หน่วยกู้ระเบิด","หยุดไพ่ “Mine Turtle” และจั่วไพ่ให้ตัวเอง 3 ใบ","C16"
"counter","Can't Tell Me","สั่งฉันไม่ได้หรอก","หยุดไพ่ Action ที่กำลังทำงานอยู่ และจั่วไพ่ใหม่ให้ตัวเอง 1 ใบ","C17"
"counter","Catch The Knife","รับมีดไป!","หยุดไพ่ Counter ที่กำลังทำงานอยู่","C18"
"counter","Chase Me!","จับฉันให้ได้สิ!","หากผู้เล่นคนอื่นขโมยไพ่ใบนี้จากคุณ ผู้เล่นคนนั้นต้องทิ้งไพ่ทั้งหมดในมือ","C19"
"counter","Dead To Me","ตายไปจากใจฉันแล้ว","หยุดไพ่ Action หรือ Trap ที่กำลังทำงานอยู่ และบังคับให้ผู้เล่นที่ใช้ไพ่ใบนั้นข้ามเทิร์นถัดไป","C20"
"counter","Evil Butterfly","ผีเสื้อปีศาจ","หยุดไพ่ Counter ที่กำลังทำงานอยู่ แล้วขโมยไพ่ Counter ใบนั้นมาเป็นของคุณ","C21"
"counter","Meow Meow I'm a Cow","เหมียว เหมียว ฉันเป็นวัว","ไพ่ Action ที่มีผลกับผู้เล่นทุกคน จะเปลี่ยนเป็นมีผลกับผู้เล่นเพียง 1 คนที่คุณเลือก","C22"
"counter","My Favorite","ของโปรดของฉัน","เพิ่มผลของไพ่ Action ที่ถูกใช้ใส่คุณเป็นสองเท่า","C23"
"counter","Never Take Me Alive","ไม่มีวันจับฉันได้หรอก","หยุดไพ่ Action ที่กำลังทำงานอยู่ แต่คุณต้องข้ามเทิร์นถัดไป","C24"
"counter","No One Likes You","ไม่มีใครชอบนาย","หยุดไพ่ Action ที่กำลังทำงานอยู่ และนำไพ่ใบนั้นออกจากเกมตลอดเกมที่เหลือ","C25"
"counter","No U","นายต่างหาก","หยุดผู้เล่นคนอื่นจากการขโมยไพ่ของคุณ แล้วขโมยไพ่จากผู้เล่นคนนั้นกลับในจำนวนเท่ากัน","C26"
"counter","NO!!!","ไม่!!!","หยุดไพ่ Action ของผู้เล่นคนอื่น แล้วขโมยไพ่ Action ใบนั้นมาเป็นของคุณ","C27"
"counter","Nope!","ไม่เอา!","หยุดผู้เล่นคนอื่นไม่ให้ขโมยไพ่ของคุณ","C28"
"counter","Not Today!","วันนี้ไม่ใช่วันของนาย!","หยุดไพ่ Action, Trap หรือ Counter ที่กำลังทำงานอยู่","C29"
"counter","Oh... Okay?","อ๋อ... โอเค?","หยุดการถูกบังคับให้ทิ้งไพ่ และจั่วไพ่ในจำนวนเท่ากันแทน","C30"
"counter","Out Of Muffins","มัฟฟินหมดแล้ว","หยุดไพ่ “Muffin Time” (หมายถึงไพ่ Action ชื่อ Muffin Time ไม่ใช่หยุดเกม)","C31"
"counter","Really Far Away","ไกลมาก ๆ","หยุดไพ่ Trap ที่กำลังทำงานอยู่ และคุณจะไม่ได้รับผลจาก Trap ทุกใบจนถึงเทิร์นถัดไปของคุณ","C32"
"counter","Shoot It Down","ยิงมันลงมา!","หยุดไพ่ “Magical Pony”","C33"
"counter","Static","ไฟฟ้าสถิต","เบี่ยงไพ่ Action หรือ Trap ที่ถูกใช้ใส่คุณ ให้ไปมีผลกับผู้เล่นคนถัดไปแทน","C34"
"counter","Stegosaurus","สเตโกซอรัส","เลือกผู้เล่นคนอื่น 1 คนให้รับผลของไพ่ Action หรือ Trap ที่ถูกใช้ใส่คุณแทน","C35"
"counter","Thanks, You Too","ขอบใจ นายด้วยนะ","ผลของไพ่ Trap ที่ถูกใช้เจาะจงใส่คุณ จะมีผลกับผู้เล่นที่ใช้ไพ่ใบนั้นด้วย","C36"
"counter","The Hole","หลุม","หยุดไพ่ Action ที่กำลังทำงานอยู่ และบังคับให้ผู้เล่นที่ใช้ไพ่ใบนั้นทิ้งไพ่ทั้งหมดในมือ","C37"
"counter","Tree Powers","พลังต้นไม้","หยุดผู้เล่นคนอื่นไม่ให้ขโมยไพ่ของคุณ แต่คุณต้องข้ามเทิร์นถัดไป","C38"
"counter","We Failed","เราพลาดแล้ว","เลือกผู้เล่นคนอื่น 1 คนให้ได้รับผลของไพ่ Action หรือ Trap ที่ถูกใช้ใส่คุณด้วย","C39"
"counter","Opposite Day","วันตรงข้าม","ผลของไพ่ Action ที่ถูกใช้เจาะจงใส่คุณ จะเปลี่ยนไปมีผลกับผู้เล่นที่ใช้ไพ่ใบนั้นแทน","C40"
"trap","Where Is It?","มันอยู่ไหน?","(Kickstarter-exclusive) Hide something belonging to another player. If they ask where it is, they discard 3 cards.","T01"
"trap","Sniper Pug","ปั๊กสไนเปอร์","(Kickstarter-exclusive) If another player forces specifically you to discard any cards, all other players discard 1 card each.","T02"
"trap","That's a Shame","น่าเสียดายจัง","(Kickstarter-exclusive) If another player forces you to discard any cards, all players must also discard the same amount.","T03"
"trap","Nice To Me","ดีกับฉันหน่อย","(Kickstarter-exclusive) If another player steals any cards from you, they discard 5 cards.","T04"
"trap","Needles","เข็ม","(Kickstarter-exclusive) If another player steals any of your cards, they discard 5 cards.","T05"
"trap","Inappropriate","ไม่สุภาพเลยนะ","(Kickstarter-exclusive) If another player swears, steal 3 of their cards.","T06"
"trap","Did Somebody Say _____?","เมื่อกี้ใครพูดว่า _____?","(Kickstarter-exclusive) If you successfully trick another player into repeating something you said, they discard 3 cards.","T07"
"trap","日本語テキスト","ข้อความภาษาญี่ปุ่น","(Kickstarter-exclusive) If you successfully trick another player into saying something in a foreign language, they discard 3 cards.","T08"
"trap","Card Sick","เมาไพ่","As soon as you exceed 10 cards, discard the extras.","T09"
"trap","Just Friends","เป็นแค่เพื่อนกันนะ","Ask another player to go out with you. If they refuse, steal 3 of their cards.","T10"
"trap","A Robbery","นี่คือการปล้น!","Call another player's phone and if they answer, steal 3 of their cards.","T11"
"trap","Gullible","หลอกง่ายจัง","Create a distraction and steal 1 card from every player you fooled.","T12"
"trap","Caught You","จับได้แล้ว!","If another player acknowledges you lying, steal 3 of their cards.","T13"
"trap","What Time Is It?","กี่โมงแล้ว?","If another player asks the time, steal 4 of their cards.","T14"
"trap","Catch!","รับนะ!","If another player catches something you throw at them, they discard 3 cards.","T15"
"trap","Do a Book","เปิดตำราหน่อย","If another player checks the rules, they discard 3 cards.","T16"
"trap","We There Yet?","ยังไม่จบอีกเหรอ?","If another player complains about the game taking too long, steal 3 of their cards.","T17"
"trap","Crybaby","ขี้บ่น","If another player complains, steal 3 of their cards.","T18"
"trap","Who Ate This?","ใครกินเนี่ย?","If another player eats any food, steal 3 of their cards.","T19"
"trap","Farting Butt","ก้นตด","If another player farts, burps, coughs, or sneezes, steal 3 of their cards.","T20"
"trap","Don't Cry","อย่าร้องสิ","If another player forces you to discard any cards, they must also discard the same amount.","T21"
"trap","Bad Direction","บอกผิดแล้ว","If another player gets the rules wrong, steal 3 of their cards.","T22"
"trap","You Fool","เจ้าโง่!","If another player is forced to discard any cards, take them for yourself.","T23"
"trap","Best Sarcasm","ประชดเก่ง","If another player is sarcastic, steal 3 of their cards.","T24"
"trap","Comedy","ตลกดีนะ","If another player laughs out loud, steal 3 of their cards.","T25"
"trap","Goodbye, World","ลาก่อน โลกนี้","If another player leaves the room, steal 5 of their cards.","T26"
"trap","Don't Think About Cats","อย่าคิดถึงแมว","If another player mentions a cat, they discard 3 cards.","T27"
"trap","Friends","เพื่อน","If another player mentions a friend who isn’t currently playing, steal 3 of their cards","T28"
"trap","Love you, Baby","รักนะ เบบี๋","If another player plays a card with ""baby"" in its title, steal 3 of their cards.","T29"
"trap","Baby on Fire","เด็กไฟลุก","If another player plays a card with ""baby"" in its title, they discard 3 cards.","T30"
"trap","What Have You Done?","นายทำอะไรลงไป?!","If another player plays an action card specifically on you, the same effect also applies to them.","T31"
"trap","Gonna Eat That?","จะกินนั่นไหม?","If another player puts down their hand, steal it.","T32"
"trap","Backstories","เรื่องเก่าเล่าใหม่","If another player recalls an event from over a year ago, they discard 3 cards.","T33"
"trap","Inanimate Object","วัตถุไร้ชีวิต","If another player refuses to answer a question from you, they discard 3 cards.","T34"
"trap","LOL Out Loud","ขำออกมาดัง ๆ","If another player says ""Muffin Time"", they discard 3 cards.","T35"
"trap","Magic Word","คำวิเศษ","If another player says ""please"", they discard 3 cards.","T36"
"trap","Named This Way","เรียกชื่อนี้แหละ","If another player says your first name, they discard 3 cards.","T37"
"trap","If You're Happy","ถ้าคุณมีความสุข","If another player sings out loud, steal 3 of their cards.","T38"
"trap","Super Guy","ยอดมนุษย์","If another player uses a counter card on you, it does nothing.","T39"
"trap","Tired?","ง่วงเหรอ?","If another player yawns, they discard 4 cards.","T40"
"trap","Countdown","นับถอยหลัง","If another players asks you how many cards you have, they discard 3 cards.","T41"
"trap","Jack in the Box","แจ็คอินเดอะบ็อกซ์","If any of your placed trap cards are activated, steal 1 card from all other players.","T42"
"trap","Upside Down","กลับตาลปัตร","If you activate another player's trap card, the effect applies to them instead.","T43"
"trap","Do An Internet","เล่นเน็ตหน่อย","If you catch another player browsing the internet, they discard 3 cards.","T44"
"trap","What a Twist","หักมุมซะงั้น!","If you have 0 cards, draw 10 cards.","T45"
"trap","Don't Beat Me","อย่าตีฉัน","If you have 0 cards, steal the entire hand of any other player.","T46"
"trap","High Five","ไฮไฟว์!","If you successfully high-five another player, they discard 5 cards.","T47"
"trap","Made Ya Jump","ตกใจล่ะสิ!","If you successfully scare another player, they discard 3 cards.","T48"
"trap","What?!","อะไรนะ?!","If you successfully trick another player into saying ""what"", they discard 3 cards.","T49"
"trap","Don't Touch","ห้ามแตะ!","Place this card face-down anywhere. If another player picks it up, they discard 5 cards.","T50"
"trap","Hello There","หวัดดี!","Say ""hello"" to another player and steal 3 of their cards if they say ""hello"" back.","T51"
"trap","On Your Face","แปะหน้าซะ","Stick this card to your forehead. If nobody mentions it by your next turn, all other players discard 3 cards.","T52"
"trap","Face in a Face","หน้าในหน้า","Stick this card to your forehead. If nobody mentions it by your next turn, all players draw 2 cards.","T53"
